WORD,LEVEL
a,A1
about,A1
above,A1
across,A1
action,A1
activity,A1
actor,A1
actress,A1
add,A1
address,A1
adult,A1
advice,A1
afraid,A1
after,A1
afternoon,A1
again,A1
age,A1
ago,A1
agree,A1
air,A1
airport,A1
all,A1
also,A1
always,A1
amazing,A1
and,A1
angry,A1
animal,A1
another,A1
answer,A1
any,A1
anyone,A1
anything,A1
apartment,A1
apple,A1
April,A1
area,A1
arm,A1
around,A1
arrive,A1
art,A1
article,A1
artist,A1
as,A1
ask,A1
at,A1
August,A1
aunt,A1
autumn,A1
away,A1
baby,A1
back,A1
bad,A1
bag,A1
ball,A1
banana,A1
band,A1
bank,A1
bath,A1
bathroom,A1
be,A1
beach,A1
beautiful,A1
because,A1
become,A1
bed,A1
bedroom,A1
beer,A1
before,A1
begin,A1
beginning,A1
behind,A1
believe,A1
below,A1
best,A1
better,A1
between,A1
bicycle,A1
big,A1
bike,A1
bill,A1
bird,A1
birthday,A1
black,A1
blog,A1
blonde,A1
blue,A1
boat,A1
body,A1
book,A1
boot,A1
bored,A1
boring,A1
born,A1
both,A1
bottle,A1
box,A1
boy,A1
boyfriend,A1
bread,A1
break,A1
breakfast,A1
bring,A1
brother,A1
brown,A1
build,A1
building,A1
bus,A1
business,A1
busy,A1
but,A1
butter,A1
buy,A1
by,A1
bye,A1
cafe,A1
cake,A1
call,A1
camera,A1
can,A1
cannot,A1
capital,A1
car,A1
card,A1
career,A1
carrot,A1
carry,A1
cat,A1
CD,A1
cent,A1
centre,A1
century,A1
chair,A1
change,A1
chart,A1
cheap,A1
check,A1
cheese,A1
chicken,A1
child,A1
chocolate,A1
choose,A1
cinema,A1
city,A1
class,A1
classroom,A1
clean,A1
climb,A1
clock,A1
close,A1
clothes,A1
club,A1
coat,A1
coffee,A1
cold,A1
college,A1
colour,A1
come,A1
common,A1
company,A1
compare,A1
complete,A1
computer,A1
concert,A1
conversation,A1
cook,A1
cooking,A1
cool,A1
correct,A1
cost,A1
could,A1
country,A1
course,A1
cousin,A1
cow,A1
cream,A1
create,A1
culture,A1
cup,A1
customer,A1
cut,A1
dad,A1
dance,A1
dancer,A1
dancing,A1
dangerous,A1
dark,A1
date,A1
daughter,A1
day,A1
dear,A1
December,A1
decide,A1
delicious,A1
describe,A1
description,A1
design,A1
desk,A1
detail,A1
dialogue,A1
dictionary,A1
die,A1
diet,A1
difference,A1
different,A1
difficult,A1
dinner,A1
dirty,A1
discuss,A1
dish,A1
do,A1
doctor,A1
dog,A1
dollar,A1
door,A1
down,A1
downstairs,A1
draw,A1
dress,A1
drink,A1
drive,A1
driver,A1
during,A1
DVD,A1
each,A1
ear,A1
early,A1
east,A1
easy,A1
eat,A1
egg,A1
eight,A1
eighteen,A1
eighty,A1
elephant,A1
eleven,A1
else,A1
email,A1
end,A1
enjoy,A1
enough,A1
euro,A1
©,A1
even,A1
evening,A1
event,A1
ever,A1
every,A1
everybody,A1
everyone,A1
everything,A1
exam,A1
example,A1
excited,A1
exciting,A1
exercise,A1
expensive,A1
explain,A1
extra,A1
eye,A1
face,A1
fact,A1
fall,A1
false,A1
family,A1
famous,A1
fantastic,A1
far,A1
farm,A1
farmer,A1
fast,A1
fat,A1
father,A1
favourite,A1
February,A1
feel,A1
feeling,A1
festival,A1
few,A1
fifteen,A1
fifth,A1
fifty,A1
fill,A1
film,A1
final,A1
find,A1
fine,A1
finish,A1
fire,A1
first,A1
fish,A1
five,A1
flat,A1
flight,A1
floor,A1
flower,A1
fly,A1
follow,A1
food,A1
foot,A1
football,A1
for,A1
forget,A1
form,A1
forty,A1
four,A1
fourteen,A1
fourth,A1
free,A1
Friday,A1
friend,A1
friendly,A1
from,A1
front,A1
fruit,A1
full,A1
fun,A1
funny,A1
future,A1
game,A1
garden,A1
geography,A1
get,A1
girl,A1
girlfriend,A1
give,A1
glass,A1
go,A1
good,A1
goodbye,A1
grandfather,A1
grandmother,A1
grandparent,A1
great,A1
green,A1
grey,A1
group,A1
grow,A1
guess,A1
guitar,A1
gym,A1
hair,A1
half,A1
hand,A1
happen,A1
happy,A1
hard,A1
hat,A1
hate,A1
have,A1
have,A1
he,A1
head,A1
health,A1
healthy,A1
hear,A1
hello,A1
help,A1
her,A1
here,A1
hey,A1
hi,A1
high,A1
him,A1
his,A1
history,A1
hobby,A1
holiday,A1
home,A1
homework,A1
hope,A1
horse,A1
hospital,A1
hot,A1
hotel,A1
hour,A1
house,A1
how,A1
however,A1
hundred,A1
hungry,A1
husband,A1
I,A1
ice,A1
ice,A1
idea,A1
if,A1
imagine,A1
important,A1
improve,A1
in,A1
include,A1
information,A1
interest,A1
interested,A1
interesting,A1
internet,A1
interview,A1
into,A1
introduce,A1
island,A1
it,A1
its,A1
jacket,A1
January,A1
jeans,A1
job,A1
join,A1
journey,A1
juice,A1
July,A1
June,A1
just,A1
keep,A1
key,A1
kilometre,A1
kind,A1
kitchen,A1
know,A1
land,A1
language,A1
large,A1
last,A1
late,A1
later,A1
laugh,A1
learn,A1
leave,A1
left,A1
leg,A1
lesson,A1
let,A1
letter,A1
library,A1
lie,A1
life,A1
light,A1
like,A1
like,A1
line,A1
lion,A1
list,A1
listen,A1
little,A1
live,A1
local,A1
long,A1
look,A1
lose,A1
lot,A1
love,A1
lunch,A1
machine,A1
magazine,A1
main,A1
make,A1
man,A1
many,A1
map,A1
March,A1
market,A1
married,A1
match,A1
May,A1
maybe,A1
me,A1
meal,A1
mean,A1
meaning,A1
meat,A1
meet,A1
meeting,A1
member,A1
menu,A1
message,A1
metre,A1
midnight,A1
mile,A1
milk,A1
million,A1
minute,A1
miss,A1
mistake,A1
model,A1
modern,A1
moment,A1
Monday,A1
money,A1
month,A1
more,A1
morning,A1
most,A1
mother,A1
mountain,A1
mouse,A1
mouth,A1
move,A1
movie,A1
much,A1
mum,A1
museum,A1
music,A1
must,A1
my,A1
name,A1
natural,A1
near,A1
need,A1
negative,A1
neighbour,A1
never,A1
new,A1
news,A1
newspaper,A1
next,A1
next,A1
nice,A1
night,A1
nine,A1
nineteen,A1
ninety,A1
no,A1
no,A1
nobody,A1
north,A1
nose,A1
not,A1
note,A1
nothing,A1
November,A1
now,A1
number,A1
nurse,A1
object,A1
o’clock,A1
October,A1
of,A1
off,A1
office,A1
often,A1
oh,A1
OK,A1
old,A1
on,A1
once,A1
one,A1
onion,A1
online,A1
only,A1
open,A1
opinion,A1
opposite,A1
or,A1
orange,A1
order,A1
other,A1
our,A1
out,A1
outside,A1
over,A1
own,A1
page,A1
paint,A1
painting,A1
pair,A1
paper,A1
paragraph,A1
parent,A1
park,A1
part,A1
partner,A1
party,A1
passport,A1
past,A1
pay,A1
pen,A1
pencil,A1
people,A1
pepper,A1
perfect,A1
period,A1
person,A1
personal,A1
phone,A1
photo,A1
photograph,A1
phrase,A1
piano,A1
picture,A1
piece,A1
pig,A1
pink,A1
place,A1
plan,A1
plane,A1
plant,A1
play,A1
player,A1
please,A1
point,A1
police,A1
policeman,A1
pool,A1
poor,A1
popular,A1
positive,A1
possible,A1
post,A1
potato,A1
pound,A1
practice,A1
practise,A1
prefer,A1
prepare,A1
present,A1
pretty,A1
price,A1
probably,A1
problem,A1
product,A1
programme,A1
project,A1
purple,A1
put,A1
quarter,A1
question,A1
quick,A1
quickly,A1
quiet,A1
quite,A1
radio,A1
rain,A1
read,A1
reader,A1
reading,A1
ready,A1
real,A1
really,A1
reason,A1
red,A1
relax,A1
remember,A1
repeat,A1
report,A1
restaurant,A1
result,A1
return,A1
rice,A1
rich,A1
ride,A1
right,A1
river,A1
road,A1
room,A1
routine,A1
rule,A1
run,A1
sad,A1
salad,A1
salt,A1
same,A1
sandwich,A1
Saturday,A1
say,A1
school,A1
science,A1
scientist,A1
sea,A1
second,A1
number,A1
second,A1
section,A1
see,A1
sell,A1
send,A1
sentence,A1
September,A1
seven,A1
seventeen,A1
seventy,A1
share,A1
she,A1
sheep,A1
shirt,A1
shoe,A1
shop,A1
shopping,A1
short,A1
should,A1
show,A1
shower,A1
sick,A1
similar,A1
sing,A1
singer,A1
sister,A1
sit,A1
situation,A1
six,A1
sixteen,A1
sixty,A1
skill,A1
skirt,A1
sleep,A1
slow,A1
small,A1
snake,A1
snow,A1
so,A1
some,A1
somebody,A1
someone,A1
something,A1
sometimes,A1
son,A1
song,A1
soon,A1
sorry,A1
sound,A1
soup,A1
south,A1
space,A1
speak,A1
special,A1
spell,A1
spelling,A1
spend,A1
sport,A1
spring,A1
stand,A1
star,A1
start,A1
statement,A1
station,A1
stay,A1
still,A1
stop,A1
story,A1
street,A1
strong,A1
student,A1
study,A1
style,A1
subject,A1
success,A1
sugar,A1
summer,A1
sun,A1
Sunday,A1
supermarket,A1
sure,A1
sweater,A1
swim,A1
swimming,A1
table,A1
take,A1
talk,A1
tall,A1
taxi,A1
tea,A1
teach,A1
teacher,A1
team,A1
teenager,A1
telephone,A1
television,A1
tell,A1
ten,A1
tennis,A1
terrible,A1
test,A1
text,A1
than,A1
thank,A1
thanks,A1
that,A1
the,A1
theatre,A1
their,A1
them,A1
then,A1
there,A1
they,A1
thing,A1
think,A1
third,A1
thirsty,A1
thirteen,A1
thirty,A1
this,A1
thousand,A1
three,A1
through,A1
Thursday,A1
ticket,A1
time,A1
tired,A1
title,A1
to,A1
today,A1
together,A1
toilet,A1
tomato,A1
tomorrow,A1
tonight,A1
too,A1
tooth,A1
topic,A1
tourist,A1
town,A1
traffic,A1
train,A1
travel,A1
tree,A1
trip,A1
trousers,A1
true,A1
try,A1
T-shirt,A1
Tuesday,A1
turn,A1
TV,A1
twelve,A1
twenty,A1
twice,A1
two,A1
type,A1
umbrella,A1
uncle,A1
under,A1
understand,A1
university,A1
until,A1
up,A1
upstairs,A1
us,A1
use,A1
useful,A1
usually,A1
vacation,A1
vegetable,A1
very,A1
video,A1
village,A1
visit,A1
visitor,A1
wait,A1
waiter,A1
wake,A1
walk,A1
wall,A1
want,A1
warm,A1
wash,A1
watch,A1
water,A1
way,A1
we,A1
wear,A1
weather,A1
website,A1
Wednesday,A1
week,A1
weekend,A1
welcome,A1
well,A1
west,A1
what,A1
when,A1
where,A1
which,A1
white,A1
who,A1
why,A1
wife,A1
will,A1
win,A1
window,A1
wine,A1
winter,A1
with,A1
without,A1
woman,A1
wonderful,A1
word,A1
work,A1
worker,A1
world,A1
would,A1
write,A1
writer,A1
writing,A1
wrong,A1
yeah,A1
year,A1
yellow,A1
yes,A1
yesterday,A1
you,A1
young,A1
your,A1
yourself,A1
ability,A2
able,A2
abroad,A2
accept,A2
accident,A2
according,A2
achieve,A2
act,A2
active,A2
actually,A2
adult,A2
advantage,A2
adventure,A2
advertise,A2
advertisement,A2
advertising,A2
affect,A2
after,A2
against,A2
ah,A2
airline,A2
alive,A2
all,A2
all,A2
allow,A2
almost,A2
alone,A2
along,A2
already,A2
alternative,A2
although,A2
among,A2
amount,A2
ancient,A2
ankle,A2
any,A2
anybody,A2
any,A2
anyway,A2
anywhere,A2
app,A2
appear,A2
appearance,A2
apply,A2
architect,A2
architecture,A2
argue,A2
argument,A2
army,A2
arrange,A2
arrangement,A2
as,A2
asleep,A2
assistant,A2
athlete,A2
attack,A2
attend,A2
attention,A2
attractive,A2
audience,A2
author,A2
available,A2
average,A2
avoid,A2
award,A2
awful,A2
back,A2
background,A2
badly,A2
bar,A2
baseball,A2
based,A2
basketball,A2
bean,A2
bear,A2
beat,A2
beef,A2
before,A2
behave,A2
behaviour,A2
belong,A2
belt,A2
benefit,A2
best,A2
better,A2
between,A2
billion,A2
bin,A2
biology,A2
birth,A2
biscuit,A2
bit,A2
blank,A2
blood,A2
blow,A2
board,A2
boil,A2
bone,A2
book,A2
borrow,A2
boss,A2
bottom,A2
bowl,A2
brain,A2
bridge,A2
bright,A2
brilliant,A2
broken,A2
brush,A2
burn,A2
businessman,A2
button,A2
camp,A2
camping,A2
can,A2
care,A2
careful,A2
carefully,A2
carpet,A2
cartoon,A2
case,A2
cash,A2
castle,A2
catch,A2
cause,A2
celebrate,A2
celebrity,A2
certain,A2
certainly,A2
chance,A2
character,A2
charity,A2
chat,A2
check,A2
chef,A2
chemistry,A2
chip,A2
choice,A2
church,A2
cigarette,A2
circle,A2
classical,A2
clear,A2
clearly,A2
clever,A2
climate,A2
close,A2
closed,A2
clothing,A2
cloud,A2
coach,A2
coast,A2
code,A2
colleague,A2
collect,A2
column,A2
comedy,A2
comfortable,A2
comment,A2
communicate,A2
community,A2
compete,A2
competition,A2
complain,A2
completely,A2
condition,A2
conference,A2
connect,A2
connected,A2
consider,A2
contain,A2
context,A2
continent,A2
continue,A2
control,A2
cook,A2
cooker,A2
copy,A2
corner,A2
correctly,A2
count,A2
couple,A2
cover,A2
crazy,A2
creative,A2
credit,A2
crime,A2
criminal,A2
cross,A2
crowd,A2
crowded,A2
cry,A2
cupboard,A2
curly,A2
cycle,A2
daily,A2
danger,A2
dark,A2
data,A2
dead,A2
deal,A2
dear,A2
death,A2
decision,A2
deep,A2
definitely,A2
degree,A2
dentist,A2
department,A2
depend,A2
desert,A2
designer,A2
destroy,A2
detective,A2
develop,A2
device,A2
diary,A2
differently,A2
digital,A2
direct,A2
direction,A2
director,A2
disagree,A2
disappear,A2
disaster,A2
discover,A2
discovery,A2
discussion,A2
disease,A2
distance,A2
divorced,A2
document,A2
double,A2
download,A2
downstairs,A2
drama,A2
drawing,A2
dream,A2
drive,A2
driving,A2
drop,A2
drug,A2
dry,A2
earn,A2
earth,A2
easily,A2
education,A2
effect,A2
either,A2
electric,A2
electrical,A2
electricity,A2
electronic,A2
employ,A2
employee,A2
employer,A2
empty,A2
ending,A2
energy,A2
engine,A2
engineer,A2
enormous,A2
enter,A2
environment,A2
equipment,A2
error,A2
especially,A2
essay,A2
everyday,A2
everywhere,A2
evidence,A2
exact,A2
exactly,A2
excellent,A2
except,A2
exist,A2
expect,A2
experience,A2
experiment,A2
expert,A2
explanation,A2
express,A2
expression,A2
extreme,A2
extremely,A2
factor,A2
factory,A2
fail,A2
fair,A2
fall,A2
fan,A2
farm,A2
farming,A2
fashion,A2
fat,A2
fear,A2
feature,A2
feed,A2
female,A2
fiction,A2
field,A2
fight,A2
figure,A2
film,A2
final,A2
finally,A2
finger,A2
finish,A2
first,A2
firstly,A2
fish,A2
fishing,A2
fit,A2
fix,A2
flat,A2
flu,A2
fly,A2
flying,A2
focus,A2
following,A2
foreign,A2
forest,A2
fork,A2
formal,A2
fortunately,A2
forward,A2
free,A2
fresh,A2
fridge,A2
frog,A2
fun,A2
furniture,A2
further,A2
future,A2
gallery,A2
gap,A2
gas,A2
gate,A2
general,A2
gift,A2
goal,A2
god,A2
gold,A2
golf,A2
good,A2
government,A2
grass,A2
greet,A2
ground,A2
guest,A2
guide,A2
gun,A2
guy,A2
habit,A2
half,A2
hall,A2
happily,A2
have,A2
headache,A2
heart,A2
heat,A2
heavy,A2
height,A2
helpful,A2
hero,A2
hers,A2
herself,A2
hide,A2
high,A2
hill,A2
himself,A2
his,A2
hit,A2
hockey,A2
hold,A2
hole,A2
home,A2
hope,A2
huge,A2
human,A2
hurt,A2
ideal,A2
identify,A2
ill,A2
illness,A2
image,A2
immediately,A2
impossible,A2
included,A2
including,A2
increase,A2
incredible,A2
independent,A2
individual,A2
industry,A2
informal,A2
injury,A2
insect,A2
inside,A2
instead,A2
instruction,A2
instructor,A2
instrument,A2
intelligent,A2
international,A2
introduction,A2
invent,A2
invention,A2
invitation,A2
invite,A2
involve,A2
item,A2
itself,A2
jam,A2
jazz,A2
jewellery,A2
joke,A2
journalist,A2
jump,A2
kid,A2
kill,A2
king,A2
knee,A2
knife,A2
knock,A2
knowledge,A2
lab,A2
lady,A2
lake,A2
lamp,A2
land,A2
laptop,A2
last,A2
last,A2
later,A2
laughter,A2
law,A2
lawyer,A2
lazy,A2
lead,A2
leader,A2
learning,A2
least,A2
lecture,A2
lemon,A2
lend,A2
less,A2
level,A2
lifestyle,A2
lift,A2
light,A2
light,A2
likely,A2
link,A2
listener,A2
little,A2
©,A2
lock,A2
look,A2
lorry,A2
lost,A2
loud,A2
loudly,A2
lovely,A2
low,A2
luck,A2
lucky,A2
mail,A2
major,A2
male,A2
manage,A2
manager,A2
manner,A2
mark,A2
marry,A2
material,A2
mathematics,A2
maths,A2
matter,A2
may,A2
media,A2
medical,A2
medicine,A2
memory,A2
mention,A2
metal,A2
method,A2
middle,A2
might,A2
mind,A2
mine,A2
mirror,A2
missing,A2
mobile,A2
monkey,A2
moon,A2
mostly,A2
motorcycle,A2
movement,A2
musical,A2
musician,A2
myself,A2
narrow,A2
national,A2
nature,A2
nearly,A2
necessary,A2
neck,A2
need,A2
neither,A2
nervous,A2
network,A2
noise,A2
noisy,A2
none,A2
normal,A2
normally,A2
notice,A2
novel,A2
nowhere,A2
number,A2
nut,A2
ocean,A2
offer,A2
officer,A2
oil,A2
onto,A2
opportunity,A2
option,A2
ordinary,A2
organization,A2
organize,A2
original,A2
ourselves,A2
outside,A2
oven,A2
own,A2
owner,A2
pack,A2
pain,A2
painter,A2
palace,A2
pants,A2
parking,A2
particular,A2
pass,A2
passenger,A2
past,A2
patient,A2
pattern,A2
pay,A2
peace,A2
penny,A2
per,A2
per,A2
perform,A2
perhaps,A2
permission,A2
personality,A2
pet,A2
petrol,A2
photograph,A2
physical,A2
physics,A2
pick,A2
pilot,A2
planet,A2
plant,A2
plastic,A2
plate,A2
platform,A2
please,A2
pleased,A2
pocket,A2
polite,A2
pollution,A2
pop,A2
population,A2
position,A2
possession,A2
possibility,A2
poster,A2
power,A2
predict,A2
present,A2
president,A2
prevent,A2
print,A2
printer,A2
prison,A2
prize,A2
process,A2
produce,A2
professional,A2
professor,A2
profile,A2
program,A2
progress,A2
promise,A2
pronounce,A2
protect,A2
provide,A2
pub,A2
public,A2
publish,A2
pull,A2
purpose,A2
push,A2
quality,A2
quantity,A2
queen,A2
question,A2
quietly,A2
race,A2
railway,A2
raise,A2
rate,A2
rather,A2
reach,A2
react,A2
realize,A2
receive,A2
recent,A2
recently,A2
reception,A2
recipe,A2
recognize,A2
recommend,A2
record,A2
recording,A2
recycle,A2
reduce,A2
refer,A2
refuse,A2
region,A2
regular,A2
relationship,A2
remove,A2
repair,A2
replace,A2
reply,A2
report,A2
reporter,A2
request,A2
research,A2
researcher,A2
respond,A2
response,A2
rest,A2
rest,A2
review,A2
ride,A2
ring,A2
ring,A2
rise,A2
rock,A2
rock,A2
role,A2
roof,A2
round,A2
route,A2
rubbish,A2
rude,A2
run,A2
runner,A2
running,A2
sadly,A2
safe,A2
sail,A2
sailing,A2
salary,A2
sale,A2
sauce,A2
save,A2
scared,A2
scary,A2
scene,A2
schedule,A2
score,A2
screen,A2
search,A2
season,A2
seat,A2
second,A2
secondly,A2
secret,A2
secretary,A2
seem,A2
sense,A2
separate,A2
series,A2
serious,A2
serve,A2
service,A2
several,A2
shake,A2
shall,A2
shape,A2
sheet,A2
ship,A2
shoulder,A2
shout,A2
shut,A2
side,A2
sign,A2
silver,A2
simple,A2
since,A2
singing,A2
single,A2
sir,A2
site,A2
size,A2
ski,A2
skiing,A2
skin,A2
sky,A2
sleep,A2
slowly,A2
smartphone,A2
smell,A2
smile,A2
smoke,A2
smoking,A2
soap,A2
soccer,A2
social,A2
society,A2
sock,A2
soft,A2
soldier,A2
solution,A2
solve,A2
somewhere,A2
sort,A2
source,A2
speaker,A2
specific,A2
speech,A2
speed,A2
spider,A2
spoon,A2
square,A2
stage,A2
stair,A2
stamp,A2
star,A2
start,A2
state,A2
stay,A2
steal,A2
step,A2
stomach,A2
stone,A2
store,A2
storm,A2
straight,A2
strange,A2
strategy,A2
stress,A2
structure,A2
stupid,A2
succeed,A2
successful,A2
such,A2
suddenly,A2
suggest,A2
suggestion,A2
suit,A2
support,A2
suppose,A2
sure,A2
surprise,A2
surprised,A2
surprising,A2
survey,A2
sweet,A2
symbol,A2
system,A2
tablet,A2
talk,A2
target,A2
task,A2
taste,A2
teaching,A2
technology,A2
teenage,A2
temperature,A2
term,A2
text,A2
themselves,A2
thick,A2
thief,A2
thin,A2
thinking,A2
third,A2
thought,A2
throw,A2
tidy,A2
tie,A2
tip,A2
tool,A2
top,A2
touch,A2
tour,A2
tourism,A2
towards,A2
towel,A2
tower,A2
toy,A2
track,A2
tradition,A2
traditional,A2
train,A2
trainer,A2
training,A2
transport,A2
traveller,A2
trouble,A2
truck,A2
twin,A2
typical,A2
underground,A2
understanding,A2
unfortunately,A2
unhappy,A2
uniform,A2
unit,A2
united,A2
unusual,A2
upstairs,A2
use,A2
used,A2
user,A2
usual,A2
valley,A2
van,A2
variety,A2
vehicle,A2
view,A2
virus,A2
voice,A2
wait,A2
war,A2
wash,A2
washing,A2
wave,A2
weak,A2
web,A2
wedding,A2
weight,A2
welcome,A2
wet,A2
wheel,A2
while,A2
whole,A2
whose,A2
wide,A2
wild,A2
wind,A2
winner,A2
wish,A2
wood,A2
wooden,A2
working,A2
worried,A2
worry,A2
worse,A2
worst,A2
wow,A2
yet,A2
yours,A2
zero,A2
absolutely,B1
academic,B1
access,B1
accommodation,B1
account,B1
achievement,B1
act,B1
ad,B1
addition,B1
admire,B1
admit,B1
advanced,B1
advise,B1
afford,B1
age,B1
aged,B1
agent,B1
agreement,B1
ahead,B1
aim,B1
alarm,B1
album,B1
alcohol,B1
alcoholic,B1
alternative,B1
amazed,B1
ambition,B1
ambitious,B1
analyse,B1
analysis,B1
announce,B1
announcement,B1
annoy,B1
annoyed,B1
annoying,B1
apart,B1
apologize,B1
application,B1
appointment,B1
appreciate,B1
approximately,B1
arrest,B1
arrival,B1
assignment,B1
assist,B1
atmosphere,B1
attach,B1
attitude,B1
attract,B1
attraction,B1
authority,B1
average,B1
award,B1
aware,B1
backwards,B1
bake,B1
balance,B1
ban,B1
bank,B1
base,B1
basic,B1
basis,B1
battery,B1
battle,B1
beauty,B1
bee,B1
belief,B1
bell,B1
bend,B1
benefit,B1
better,B1
bite,B1
block,B1
board,B1
bomb,B1
border,B1
bother,B1
branch,B1
brand,B1
brave,B1
breath,B1
breathe,B1
breathing,B1
bride,B1
bubble,B1
bury,B1
by,B1
calm,B1
campaign,B1
campus,B1
candidate,B1
cap,B1
captain,B1
careless,B1
category,B1
ceiling,B1
celebration,B1
central,B1
centre,B1
ceremony,B1
chain,B1
challenge,B1
champion,B1
channel,B1
chapter,B1
charge,B1
cheap,B1
cheat,B1
cheerful,B1
chemical,B1
chest,B1
childhood,B1
claim,B1
clause,B1
clear,B1
click,B1
client,B1
climb,B1
close,B1
cloth,B1
clue,B1
coach,B1
coal,B1
coin,B1
collection,B1
coloured,B1
combine,B1
comment,B1
commercial,B1
commit,B1
communication,B1
comparison,B1
competitor,B1
competitive,B1
complaint,B1
complex,B1
concentrate,B1
conclude,B1
conclusion,B1
confident,B1
confirm,B1
confuse,B1
confused,B1
connection,B1
consequence,B1
consist,B1
consume,B1
consumer,B1
contact,B1
container,B1
content,B1
continuous,B1
contrast,B1
convenient,B1
convince,B1
cool,B1
costume,B1
cottage,B1
cotton,B1
count,B1
countryside,B1
court,B1
cover,B1
covered,B1
cream,B1
criminal,B1
cruel,B1
cultural,B1
currency,B1
current,B1
currently,B1
curtain,B1
custom,B1
cut,B1
daily,B1
damage,B1
deal,B1
decade,B1
decorate,B1
deep,B1
define,B1
definite,B1
definition,B1
deliver,B1
departure,B1
despite,B1
destination,B1
determine,B1
determined,B1
development,B1
diagram,B1
diamond,B1
difficulty,B1
direct,B1
directly,B1
dirt,B1
disadvantage,B1
disappointed,B1
disappointing,B1
discount,B1
dislike,B1
divide,B1
documentary,B1
donate,B1
double,B1
doubt,B1
dressed,B1
drop,B1
drum,B1
drunk,B1
due,B1
dust,B1
duty,B1
earthquake,B1
eastern,B1
economic,B1
economy,B1
edge,B1
editor,B1
educate,B1
educated,B1
educational,B1
effective,B1
effectively,B1
effort,B1
election,B1
element,B1
embarrassed,B1
embarrassing,B1
emergency,B1
emotion,B1
employment,B1
empty,B1
encourage,B1
enemy,B1
engaged,B1
engineering,B1
entertain,B1
entertainment,B1
entrance,B1
entry,B1
environmental,B1
episode,B1
equal,B1
equally,B1
escape,B1
essential,B1
eventually,B1
examine,B1
except,B1
exchange,B1
excitement,B1
exhibition,B1
expand,B1
expected,B1
expedition,B1
experience,B1
experienced,B1
experiment,B1
explode,B1
explore,B1
explosion,B1
export,B1
extra,B1
face,B1
fairly,B1
familiar,B1
fancy,B1
far,B1
fascinating,B1
fashionable,B1
fasten,B1
favour,B1
fear,B1
feature,B1
fence,B1
fighting,B1
file,B1
financial,B1
fire,B1
fitness,B1
fixed,B1
flag,B1
flood,B1
flour,B1
flow,B1
fold,B1
folk,B1
following,B1
force,B1
forever,B1
frame,B1
freeze,B1
frequently,B1
friendship,B1
frighten,B1
frightened,B1
frightening,B1
frozen,B1
fry,B1
fuel,B1
function,B1
fur,B1
further,B1
garage,B1
gather,B1
generally,B1
generation,B1
generous,B1
gentle,B1
gentleman,B1
ghost,B1
giant,B1
glad,B1
global,B1
glove,B1
go,B1
goods,B1
grade,B1
graduate,B1
grain,B1
grateful,B1
growth,B1
guard,B1
guilty,B1
hand,B1
hang,B1
happiness,B1
hardly,B1
hate,B1
head,B1
headline,B1
heating,B1
heavily,B1
helicopter,B1
highlight,B1
highly,B1
hire,B1
historic,B1
historical,B1
honest,B1
horrible,B1
horror,B1
host,B1
hunt,B1
hurricane,B1
hurry,B1
identity,B1
ignore,B1
illegal,B1
imaginary,B1
immediate,B1
immigrant,B1
impact,B1
import,B1
importance,B1
impression,B1
impressive,B1
improvement,B1
incredibly,B1
indeed,B1
indicate,B1
indirect,B1
indoor,B1
indoors,B1
influence,B1
ingredient,B1
injure,B1
injured,B1
innocent,B1
intelligence,B1
intend,B1
intention,B1
invest,B1
investigate,B1
involved,B1
iron,B1
issue,B1
IT,B1
journal,B1
judge,B1
keen,B1
key,B1
keyboard,B1
kick,B1
killing,B1
kind,B1
kiss,B1
knock,B1
label,B1
laboratory,B1
lack,B1
latest,B1
lay,B1
layer,B1
lead,B1
leading,B1
leaf,B1
leather,B1
legal,B1
leisure,B1
length,B1
level,B1
lie,B1
like,B1
limit,B1
lip,B1
liquid,B1
literature,B1
live,B1
living,B1
local,B1
locate,B1
located,B1
location,B1
lonely,B1
loss,B1
luxury,B1
mad,B1
magic,B1
mainly,B1
mall,B1
management,B1
market,B1
marketing,B1
marriage,B1
meanwhile,B1
measure,B1
medium,B1
mental,B1
mention,B1
mess,B1
mild,B1
mine,B1
mix,B1
mixture,B1
mood,B1
move,B1
mud,B1
murder,B1
muscle,B1
musical,B1
mystery,B1
nail,B1
narrative,B1
nation,B1
native,B1
naturally,B1
necessarily,B1
need,B1
needle,B1
neighbourhood,B1
neither,B1
net,B1
next,B1
nor,B1
normal,B1
northern,B1
note,B1
now,B1
nuclear,B1
obvious,B1
obviously,B1
occasion,B1
occur,B1
odd,B1
official,B1
old-fashioned,B1
once,B1
operation,B1
organized,B1
organizer,B1
original,B1
originally,B1
ought,B1
ours,B1
outdoor,B1
outdoors,B1
pack,B1
package,B1
painful,B1
pale,B1
pan,B1
participate,B1
particularly,B1
pass,B1
passion,B1
path,B1
payment,B1
peaceful,B1
percentage,B1
perfectly,B1
performance,B1
personally,B1
persuade,B1
photographer,B1
photography,B1
pin,B1
pipe,B1
place,B1
planning,B1
pleasant,B1
pleasure,B1
plenty,B1
plot,B1
plus,B1
poem,B1
poet,B1
poetry,B1
point,B1
poison,B1
poisonous,B1
policy,B1
political,B1
politician,B1
politics,B1
port,B1
portrait,B1
possibly,B1
pot,B1
pour,B1
poverty,B1
powder,B1
powerful,B1
practical,B1
pray,B1
prayer,B1
prediction,B1
prepared,B1
presentation,B1
press,B1
pressure,B1
pretend,B1
previous,B1
previously,B1
priest,B1
primary,B1
prince,B1
princess,B1
printing,B1
prisoner,B1
private,B1
producer,B1
production,B1
profession,B1
profit,B1
program,B1
promote,B1
proper,B1
properly,B1
property,B1
protest,B1
proud,B1
prove,B1
pull,B1
punish,B1
punishment,B1
push,B1
qualification,B1
qualified,B1
qualify,B1
queue,B1
quit,B1
quotation,B1
quote,B1
race,B1
racing,B1
range,B1
rare,B1
rarely,B1
reaction,B1
reality,B1
receipt,B1
recommendation,B1
reference,B1
reflect,B1
regularly,B1
reject,B1
relate,B1
related,B1
relation,B1
relative,B1
relaxed,B1
relaxing,B1
release,B1
reliable,B1
religion,B1
religious,B1
remain,B1
remind,B1
remote,B1
rent,B1
repair,B1
repeat,B1
repeated,B1
represent,B1
request,B1
require,B1
reservation,B1
resource,B1
respect,B1
responsibility,B1
responsible,B1
result,B1
retire,B1
retired,B1
revise,B1
ring,B1
rise,B1
risk,B1
robot,B1
roll,B1
romantic,B1
rope,B1
rough,B1
row,B1
royal,B1
rugby,B1
rule,B1
safety,B1
sail,B1
sailor,B1
sample,B1
sand,B1
scan,B1
scientific,B1
script,B1
sculpture,B1
secondary,B1
security,B1
seed,B1
sensible,B1
separate,B1
seriously,B1
servant,B1
set,B1
set,B1
setting,B1
sex,B1
sexual,B1
shake,B1
share,B1
sharp,B1
shelf,B1
shell,B1
shift,B1
shine,B1
shiny,B1
shoot,B1
shy,B1
sight,B1
signal,B1
silent,B1
silly,B1
similarity,B1
similarly,B1
simply,B1
since,B1
sink,B1
slice,B1
slightly,B1
slow,B1
smart,B1
smooth,B1
software,B1
soil,B1
solid,B1
sort,B1
southern,B1
specifically,B1
spending,B1
spicy,B1
spirit,B1
spoken,B1
spot,B1
spread,B1
spring,B1
stadium,B1
staff,B1
standard,B1
state,B1
statistic,B1
statue,B1
stick,B1
stick,B1
still,B1
store,B1
stranger,B1
strength,B1
string,B1
strongly,B1
studio,B1
stuff,B1
substance,B1
successfully,B1
sudden,B1
suffer,B1
suit,B1
suitable,B1
summarize,B1
summary,B1
supply,B1
supporter,B1
surely,B1
surface,B1
survive,B1
swim,B1
switch,B1
symptom,B1
tail,B1
talent,B1
talented,B1
tape,B1
tax,B1
technical,B1
technique,B1
tend,B1
tent,B1
that,B1
theirs,B1
theme,B1
theory,B1
therefore,B1
this,B1
though,B1
throat,B1
throughout,B1
tight,B1
till,B1
tin,B1
tiny,B1
tip,B1
toe,B1
tongue,B1
total,B1
totally,B1
touch,B1
tour,B1
trade,B1
translate,B1
translation,B1
transport,B1
treat,B1
treatment,B1
trend,B1
trick,B1
truth,B1
tube,B1
type,B1
typically,B1
tyre,B1
ugly,B1
unable,B1
uncomfortable,B1
underwear,B1
unemployed,B1
unemployment,B1
unfair,B1
union,B1
unless,B1
unlike,B1
unlikely,B1
unnecessary,B1
unpleasant,B1
update,B1
upon,B1
upset,B1
used,B1
used,B1
valuable,B1
value,B1
various,B1
version,B1
victim,B1
view,B1
viewer,B1
violent,B1
volunteer,B1
vote,B1
warm,B1
warn,B1
warning,B1
waste,B1
water,B1
wave,B1
weapon,B1
weigh,B1
western,B1
whatever,B1
whenever,B1
whether,B1
while,B1
whole,B1
will,B1
win,B1
wing,B1
within,B1
wonder,B1
wool,B1
worldwide,B1
worry,B1
worse,B1
worst,B1
worth,B1
written,B1
wrong,B1
yard,B1
young,B1
youth,B1
abandon,B2
absolute,B2
academic,B2
acceptable,B2
accompany,B2
account,B2
accurate,B2
accuse,B2
acknowledge,B2
acquire,B2
actual,B2
adapt,B2
additional,B2
address,B2
administration,B2
adopt,B2
advance,B2
affair,B2
afterwards,B2
agency,B2
agenda,B2
aggressive,B2
aid,B2
aircraft,B2
alarm,B2
alter,B2
amount,B2
anger,B2
angle,B2
anniversary,B2
annual,B2
anxious,B2
apparent,B2
apparently,B2
appeal,B2
approach,B2
appropriate,B2
approval,B2
approve,B2
arise,B2
armed,B2
arms,B2
artificial,B2
artistic,B2
ashamed,B2
aspect,B2
assess,B2
assessment,B2
associate,B2
associated,B2
association,B2
assume,B2
attempt,B2
back,B2
bacteria,B2
bar,B2
barrier,B2
basically,B2
battle,B2
bear,B2
beat,B2
beg,B2
being,B2
bent,B2
bet,B2
beyond,B2
bill,B2
bitter,B2
blame,B2
blind,B2
bond,B2
border,B2
breast,B2
brief,B2
broad,B2
broadcast,B2
budget,B2
bullet,B2
bunch,B2
burn,B2
bush,B2
but,B2
cable,B2
calculate,B2
cancel,B2
cancer,B2
capable,B2
capacity,B2
capture,B2
cast,B2
catch,B2
cell,B2
chain,B2
chair,B2
chairman,B2
challenge,B2
characteristic,B2
chart,B2
chief,B2
circumstance,B2
cite,B2
citizen,B2
civil,B2
classic,B2
close,B2
closely,B2
collapse,B2
combination,B2
comfort,B2
command,B2
commission,B2
commitment,B2
committee,B2
commonly,B2
complex,B2
complicated,B2
component,B2
concentration,B2
concept,B2
concern,B2
concerned,B2
conduct,B2
confidence,B2
conflict,B2
confusing,B2
conscious,B2
conservative,B2
consideration,B2
consistent,B2
constant,B2
constantly,B2
construct,B2
construction,B2
contemporary,B2
contest,B2
contract,B2
contribute,B2
contribution,B2
convert,B2
convinced,B2
core,B2
corporate,B2
council,B2
county,B2
courage,B2
crash,B2
creation,B2
creature,B2
credit,B2
crew,B2
crisis,B2
criterion,B2
critic,B2
critical,B2
criticism,B2
criticize,B2
crop,B2
crucial,B2
cry,B2
cure,B2
current,B2
curve,B2
curved,B2
date,B2
debate,B2
debt,B2
decent,B2
declare,B2
decline,B2
decoration,B2
decrease,B2
deeply,B2
defeat,B2
defence,B2
defend,B2
delay,B2
deliberate,B2
deliberately,B2
delight,B2
delighted,B2
delivery,B2
demand,B2
demonstrate,B2
deny,B2
depressed,B2
depressing,B2
depth,B2
desert,B2
deserve,B2
desire,B2
desperate,B2
detail,B2
detailed,B2
detect,B2
dig,B2
disc,B2
discipline,B2
discount,B2
dishonest,B2
dismiss,B2
display,B2
distribute,B2
distribution,B2
district,B2
divide,B2
division,B2
document,B2
domestic,B2
dominate,B2
downwards,B2
dozen,B2
draft,B2
drag,B2
dramatic,B2
edit,B2
edition,B2
efficient,B2
elderly,B2
elect,B2
elsewhere,B2
emerge,B2
emotional,B2
emphasis,B2
emphasize,B2
enable,B2
encounter,B2
engage,B2
enhance,B2
enquiry,B2
ensure,B2
enthusiasm,B2
enthusiastic,B2
entire,B2
entirely,B2
equal,B2
establish,B2
estate,B2
estimate,B2
ethical,B2
evaluate,B2
even,B2
evil,B2
examination,B2
excuse,B2
executive,B2
existence,B2
expectation,B2
expense,B2
exploration,B2
expose,B2
extend,B2
extent,B2
external,B2
extraordinary,B2
extreme,B2
facility,B2
failure,B2
faith,B2
fault,B2
favour,B2
feather,B2
fee,B2
feed,B2
feedback,B2
feel,B2
fellow,B2
figure,B2
file,B2
finance,B2
finding,B2
firm,B2
fix,B2
flame,B2
flash,B2
flexible,B2
float,B2
fold,B2
folding,B2
following,B2
forgive,B2
former,B2
fortune,B2
forward,B2
found,B2
free,B2
freedom,B2
frequency,B2
fuel,B2
fully,B2
function,B2
fund,B2
fundamental,B2
funding,B2
furthermore,B2
gain,B2
gang,B2
generate,B2
genre,B2
govern,B2
grab,B2
grade,B2
gradually,B2
grand,B2
grant,B2
guarantee,B2
handle,B2
harm,B2
harmful,B2
hearing,B2
heaven,B2
heel,B2
hell,B2
hesitate,B2
high,B2
hire,B2
hold,B2
hollow,B2
holy,B2
honour,B2
host,B2
house,B2
household,B2
housing,B2
humorous,B2
humour,B2
hunt,B2
hunting,B2
hurt,B2
ideal,B2
illustrate,B2
illustration,B2
imagination,B2
impatient,B2
imply,B2
impose,B2
impress,B2
impressed,B2
inch,B2
incident,B2
income,B2
increasingly,B2
industrial,B2
infection,B2
inform,B2
initial,B2
initially,B2
initiative,B2
inner,B2
insight,B2
insist,B2
inspire,B2
install,B2
instance,B2
institute,B2
institution,B2
insurance,B2
intended,B2
intense,B2
internal,B2
interpret,B2
interrupt,B2
investigation,B2
investment,B2
issue,B2
joy,B2
judgement,B2
junior,B2
justice,B2
justify,B2
labour,B2
landscape,B2
largely,B2
latest,B2
launch,B2
leadership,B2
league,B2
lean,B2
leave,B2
level,B2
licence,B2
limited,B2
line,B2
lively,B2
load,B2
loan,B2
logical,B2
long-term,B2
loose,B2
lord,B2
low,B2
lower,B2
lung,B2
maintain,B2
majority,B2
make,B2
map,B2
mass,B2
massive,B2
master,B2
matching,B2
material,B2
maximum,B2
means,B2
measurement,B2
medium,B2
melt,B2
military,B2
mineral,B2
minimum,B2
minister,B2
minor,B2
minority,B2
mission,B2
mistake,B2
mixed,B2
model,B2
modify,B2
monitor,B2
moral,B2
motor,B2
mount,B2
multiple,B2
multiply,B2
mysterious,B2
narrow,B2
national,B2
neat,B2
negative,B2
nerve,B2
nevertheless,B2
nightmare,B2
notion,B2
numerous,B2
obey,B2
object,B2
objective,B2
obligation,B2
observation,B2
observe,B2
obtain,B2
occasionally,B2
offence,B2
offend,B2
offensive,B2
official,B2
opening,B2
operate,B2
opponent,B2
oppose,B2
opposed,B2
opposition,B2
organ,B2
origin,B2
otherwise,B2
outcome,B2
outer,B2
outline,B2
overall,B2
owe,B2
pace,B2
package,B2
panel,B2
parliament,B2
participant,B2
partly,B2
passage,B2
patient,B2
pension,B2
permanent,B2
permit,B2
perspective,B2
phase,B2
phenomenon,B2
philosophy,B2
pick,B2
picture,B2
pile,B2
pitch,B2
plain,B2
plot,B2
plus,B2
pointed,B2
popularity,B2
pose,B2
position,B2
positive,B2
possess,B2
potential,B2
power,B2
praise,B2
pregnant,B2
preparation,B2
presence,B2
preserve,B2
price,B2
prime,B2
principle,B2
print,B2
priority,B2
privacy,B2
procedure,B2
process,B2
produce,B2
professional,B2
progress,B2
project,B2
proof,B2
proposal,B2
propose,B2
prospect,B2
protection,B2
psychologist,B2
psychology,B2
publication,B2
pupil,B2
purchase,B2
pure,B2
pursue,B2
range,B2
rank,B2
rapid,B2
rapidly,B2
rate,B2
raw,B2
reach,B2
realistic,B2
reasonable,B2
recall,B2
recover,B2
reduction,B2
regard,B2
regional,B2
register,B2
regret,B2
regulation,B2
relatively,B2
relevant,B2
relief,B2
rely,B2
remark,B2
representative,B2
reputation,B2
requirement,B2
rescue,B2
reserve,B2
resident,B2
resist,B2
resolve,B2
resort,B2
retain,B2
reveal,B2
revolution,B2
reward,B2
rhythm,B2
rid,B2
root,B2
round,B2
routine,B2
rub,B2
rubber,B2
rural,B2
rush,B2
sample,B2
satellite,B2
satisfied,B2
satisfy,B2
saving,B2
scale,B2
schedule,B2
scheme,B2
scream,B2
screen,B2
seat,B2
sector,B2
secure,B2
seek,B2
select,B2
selection,B2
self,B2
senior,B2
sense,B2
sensitive,B2
sentence,B2
sequence,B2
session,B2
settle,B2
severe,B2
shade,B2
shadow,B2
shallow,B2
shame,B2
shape,B2
shelter,B2
shift,B2
ship,B2
shock,B2
shocked,B2
shooting,B2
shot,B2
significant,B2
significantly,B2
silence,B2
silk,B2
sincere,B2
slave,B2
slide,B2
slight,B2
slip,B2
slope,B2
solar,B2
somewhat,B2
soul,B2
specialist,B2
species,B2
speed,B2
spiritual,B2
split,B2
sponsor,B2
spot,B2
spread,B2
stable,B2
stage,B2
stand,B2
stare,B2
status,B2
steady,B2
steel,B2
steep,B2
step,B2
sticky,B2
stiff,B2
stock,B2
stream,B2
stretch,B2
strict,B2
strike,B2
structure,B2
struggle,B2
stuff,B2
subject,B2
submit,B2
sum,B2
surgery,B2
surround,B2
surrounding,B2
survey,B2
suspect,B2
swear,B2
sweep,B2
switch,B2
sympathy,B2
tale,B2
tank,B2
target,B2
tear,B2
tear,B2
temporary,B2
term,B2
therapy,B2
threat,B2
threaten,B2
thus,B2
time,B2
title,B2
tone,B2
tough,B2
track,B2
transfer,B2
transform,B2
transition,B2
trial,B2
trip,B2
tropical,B2
trouble,B2
truly,B2
trust,B2
try,B2
tune,B2
tunnel,B2
ultimately,B2
unconscious,B2
unexpected,B2
unique,B2
universe,B2
unknown,B2
upper,B2
upwards,B2
urban,B2
urge,B2
value,B2
vary,B2
vast,B2
venue,B2
very,B2
via,B2
victory,B2
violence,B2
virtual,B2
vision,B2
visual,B2
vital,B2
vitamin,B2
volume,B2
wage,B2
way,B2
weakness,B2
wealth,B2
wealthy,B2
whereas,B2
wherever,B2
whisper,B2
whom,B2
widely,B2
wildlife,B2
willing,B2
wind,B2
wire,B2
wise,B2
witness,B2
worse,B2
worst,B2
worth,B2
wound,B2
wrap,B2
wrong,B2
yet,B2
zone,B2
